{
    "do_update_package": true,
    "do_install": true,
    "do_remove": true,
    "do_session_setup": true,
    "do_audit": true,
    "do_upgrade": true,
    "upgrade_with_custom_operand_version": null,
    "build_package": true,
    "upload_to_store": true,
    "retention_time": 5,
    "upload_files_to_virustotal": true,
    "virustotal_exclusion_regex": null,
    "virustotal_hash_allowlist": [],
    "virustotal_bypass_antivirus_list": [
        "TrendMicro-HouseCall",
        "Sangfor",
        "MaxSecure",
        "Rising"
    ],
    "wait_update_package_before_generating_vm": true,
    "update_package_dependencies": [],
    "force_template_update_package": null,
    "keywords_checklist": [],
    "run_with_psexec": true,
    "check_higher_version": true,
    "uninstallkey_timeout": 120,
    "preinstalled_package_list": [],
    "acceptable_audit_output": "-> OK",
    "taskid_luti": "ce91103e-baeb-438b-ae9b-fc0d2b166e56",
    "commit": "08d80e3ca286440dc337aaff129efcdf9e749f1a",
    "folder_in_git_repo": "tis-wapt-selenium-webdriver-chrome/windows/x86"
}